goal_x,goal_y,goal_z,goal_roll,goal_pitch,goal_yaw,feedback_x,feedback_y,feedback_z,feedback_roll,feedback_pitch,feedback_yaw
0.176,-0.0005,0.288,-2.879,1.439,-2.844,0.1821,-0.0008,0.2804,-2.983,1.429,-2.948
0.0441,0.2917,0.2168,3.135,1.132,-3.078,0.0481,0.2897,0.2181,-3.12,1.124,-3.053
0.176,-0.0005,0.288,-2.879,1.439,-2.844,0.1765,-0.0005,0.288,-2.856,1.448,-2.824
0.2233,0.2968,0.1673,-3.02,1.126,-3.0,0.2235,0.2943,0.1737,-3.017,1.121,-2.986
0.2104,0.297,0.147,-2.988,1.072,-3.002,0.2179,0.2961,0.1616,-2.97,1.086,-2.941
0.2233,0.2968,0.1673,-3.02,1.126,-3.0,0.2156,0.2969,0.1546,-3.015,1.089,-3.027
0.2503,0.2699,0.1607,1.495,1.513,3.088,0.2493,0.2692,0.1605,1.704,1.492,-3.006
0.176,-0.0005,0.288,-2.879,1.439,-2.844,0.1873,0.0054,0.2826,-2.952,1.429,-2.859
0.176,-0.0005,0.288,-2.879,1.439,-2.844,0.1767,-0.0005,0.288,-2.849,1.452,-2.812
0.176,-0.0005,0.288,-2.879,1.439,-2.844,0.1794,-0.0003,0.2846,-2.908,1.441,-2.878
0.0441,0.2917,0.2168,3.135,1.132,-3.078,0.05,0.2896,0.2189,3.141,1.13,-3.079
0.2233,0.2968,0.1673,-3.02,1.126,-3.0,0.2123,0.3007,0.1759,-3.087,1.151,-3.06
0.2104,0.297,0.147,-2.988,1.072,-3.002,0.2154,0.2975,0.1554,-3.005,1.097,-2.998
0.2233,0.2968,0.1673,-3.02,1.126,-3.0,0.2207,0.2971,0.1614,-3.039,1.125,-3.035
0.2503,0.2699,0.1607,1.495,1.513,3.088,0.2497,0.2696,0.1604,1.633,1.497,-3.082
0.176,-0.0005,0.288,-2.879,1.439,-2.844,0.1861,0.0045,0.2829,-2.937,1.435,-2.853
0.176,-0.0005,0.288,-2.879,1.439,-2.844,0.1769,-0.0005,0.2881,-2.836,1.457,-2.8
0.176,-0.0005,0.288,-2.879,1.439,-2.844,0.1852,0.0001,0.2764,-2.952,1.441,-2.927
-0.0105,-0.3329,0.1348,3.029,1.513,3.12,-0.0096,-0.3327,0.1422,-3.115,1.511,-3.061
0.176,-0.0005,0.288,-2.879,1.439,-2.844,0.1798,-0.0148,0.2864,-2.829,1.452,-2.88
0.176,-0.0005,0.288,-2.879,1.439,-2.844,0.1769,-0.0005,0.2881,-2.829,1.457,-2.8
0.2233,0.2968,0.1673,-3.02,1.126,-3.0,0.2291,0.2856,0.1835,-3.067,1.147,-3.042
0.2104,0.297,0.147,-2.988,1.072,-3.002,0.217,0.2977,0.1591,-3.014,1.096,-2.995
0.2233,0.2968,0.1673,-3.02,1.126,-3.0,0.2191,0.2975,0.1591,-3.04,1.116,-3.039
0.2503,0.2699,0.1607,1.495,1.513,3.088,0.2497,0.2697,0.1609,1.6,1.499,-3.111
0.176,-0.0005,0.288,-2.879,1.439,-2.844,0.1812,0.001,0.2849,-2.878,1.45,-2.825
0.176,-0.0005,0.288,-2.879,1.439,-2.844,0.177,-0.0002,0.2881,-2.835,1.458,-2.794
0.176,-0.0005,0.288,-2.879,1.439,-2.844,0.1798,-0.0003,0.2842,-2.887,1.45,-2.86
-0.0628,-0.3349,0.1343,2.988,1.481,-3.1,-0.0617,-0.3348,0.1393,3.0,1.481,-3.118
0.176,-0.0005,0.288,-2.879,1.439,-2.844,0.1783,-0.0078,0.2871,-2.82,1.46,-2.832
0.176,-0.0005,0.288,-2.879,1.439,-2.844,0.1769,-0.0002,0.2881,-2.833,1.455,-2.802
0.2233,0.2968,0.1673,-3.02,1.126,-3.0,0.2246,0.2938,0.1758,-3.051,1.137,-3.017
0.2104,0.297,0.147,-2.988,1.072,-3.002,0.2119,0.2976,0.1501,-2.997,1.075,-2.997
0.2233,0.2968,0.1673,-3.02,1.126,-3.0,0.216,0.2975,0.154,-3.037,1.097,-3.051
0.2503,0.2699,0.1607,1.495,1.513,3.088,0.2496,0.2695,0.1603,1.661,1.494,-3.056
0.176,-0.0005,0.288,-2.879,1.439,-2.844,0.1819,0.0013,0.2845,-2.887,1.447,-2.83
0.176,-0.0005,0.288,-2.879,1.439,-2.844,0.177,-0.0005,0.2881,-2.832,1.458,-2.795
0.176,-0.0005,0.288,-2.879,1.439,-2.844,0.1796,-0.0003,0.2842,-2.907,1.447,-2.866
0.0441,0.2917,0.2168,3.135,1.132,-3.078,0.0503,0.2899,0.2189,3.129,1.135,-3.093
0.2233,0.2968,0.1673,-3.02,1.126,-3.0,0.213,0.3006,0.1756,-3.09,1.153,-3.066
0.2104,0.297,0.147,-2.988,1.072,-3.002,0.2179,0.2981,0.1588,-3.025,1.116,-3.01
0.2233,0.2968,0.1673,-3.02,1.126,-3.0,0.2189,0.2972,0.1588,-3.035,1.114,-3.032
0.2503,0.2699,0.1607,1.495,1.513,3.088,0.2498,0.2697,0.1609,1.59,1.501,-3.113
0.176,-0.0005,0.288,-2.879,1.439,-2.844,0.1788,-0.0002,0.2859,-2.866,1.453,-2.823
0.176,-0.0005,0.288,-2.879,1.439,-2.844,0.177,-0.0005,0.2881,-2.832,1.458,-2.795
0.176,-0.0005,0.288,-2.879,1.439,-2.844,0.1818,0.0,0.2814,-2.941,1.448,-2.914
-0.0269,-0.3314,0.1455,1.227,1.566,1.272,-0.0246,-0.3306,0.1566,-2.744,1.566,-2.76
0.176,-0.0005,0.288,-2.879,1.439,-2.844,0.1776,-0.0063,0.2873,-2.818,1.456,-2.819
0.176,-0.0005,0.288,-2.879,1.439,-2.844,0.177,-0.0006,0.2881,-2.815,1.458,-2.783
0.2233,0.2968,0.1673,-3.02,1.126,-3.0,0.2256,0.2922,0.1774,-3.052,1.139,-3.021
0.2104,0.297,0.147,-2.988,1.072,-3.002,0.2171,0.2978,0.1582,-3.021,1.099,-3.006
0.2233,0.2968,0.1673,-3.02,1.126,-3.0,0.221,0.2976,0.1626,-3.05,1.127,-3.044
0.2503,0.2699,0.1607,1.495,1.513,3.088,0.2489,0.2707,0.1607,1.722,1.488,-3.053
0.176,-0.0005,0.288,-2.879,1.439,-2.844,0.1834,0.0025,0.2839,-2.916,1.443,-2.846
0.176,-0.0005,0.288,-2.879,1.439,-2.844,0.177,-0.0005,0.2881,-2.832,1.458,-2.795
0.176,-0.0005,0.288,-2.879,1.439,-2.844,0.1798,-0.0002,0.2839,-2.909,1.446,-2.881
0.0441,0.2917,0.2168,3.135,1.132,-3.078,0.0519,0.2893,0.2195,3.119,1.135,-3.107
0.2233,0.2968,0.1673,-3.02,1.126,-3.0,0.2098,0.3012,0.1765,-3.087,1.151,-3.059
0.2104,0.297,0.147,-2.988,1.072,-3.002,0.2167,0.2977,0.1562,-3.014,1.109,-3.003
0.2233,0.2968,0.1673,-3.02,1.126,-3.0,0.221,0.2975,0.1617,-3.049,1.13,-3.044
0.2503,0.2699,0.1607,1.495,1.513,3.088,0.2488,0.2708,0.1604,1.754,1.484,-3.031
0.176,-0.0005,0.288,-2.879,1.439,-2.844,0.1819,0.0015,0.2845,-2.889,1.447,-2.829
0.176,-0.0005,0.288,-2.879,1.439,-2.844,0.177,-0.0005,0.2881,-2.835,1.458,-2.795
0.176,-0.0005,0.288,-2.879,1.439,-2.844,0.1807,0.0001,0.2831,-2.908,1.456,-2.857
0.0441,0.2917,0.2168,3.135,1.132,-3.078,0.0501,0.2899,0.219,3.13,1.131,-3.093
0.2233,0.2968,0.1673,-3.02,1.126,-3.0,0.2153,0.3,0.1747,-3.088,1.151,-3.067
0.2104,0.297,0.147,-2.988,1.072,-3.002,0.2159,0.2979,0.1547,-3.02,1.106,-3.012
0.2233,0.2968,0.1673,-3.02,1.126,-3.0,0.2192,0.2975,0.1591,-3.04,1.119,-3.041
0.2503,0.2699,0.1607,1.495,1.513,3.088,0.2498,0.2697,0.1604,1.622,1.501,-3.084
0.176,-0.0005,0.288,-2.879,1.439,-2.844,0.1832,0.0021,0.2842,-2.899,1.444,-2.833
0.176,-0.0005,0.288,-2.879,1.439,-2.844,0.1772,-0.0004,0.2881,-2.836,1.462,-2.799
0.176,-0.0005,0.288,-2.879,1.439,-2.844,0.1849,-0.0002,0.2769,-2.948,1.444,-2.924
-0.0576,-0.3339,0.1477,-3.112,1.49,-3.083,-0.0571,-0.3334,0.1516,-3.125,1.489,-3.123
0.176,-0.0005,0.288,-2.879,1.439,-2.844,0.1773,-0.0046,0.2875,-2.835,1.455,-2.827
0.176,-0.0005,0.288,-2.879,1.439,-2.844,0.177,-0.0005,0.2881,-2.827,1.458,-2.795
0.2233,0.2968,0.1673,-3.02,1.126,-3.0,0.224,0.2948,0.1736,-3.033,1.132,-3.005
0.2104,0.297,0.147,-2.988,1.072,-3.002,0.2203,0.2971,0.1649,-3.01,1.11,-2.982
0.2233,0.2968,0.1673,-3.02,1.126,-3.0,0.2171,0.2972,0.1554,-3.028,1.104,-3.034
0.2503,0.2699,0.1607,1.495,1.513,3.088,0.2492,0.27,0.1609,1.636,1.497,-3.081
0.176,-0.0005,0.288,-2.879,1.439,-2.844,0.1799,0.0001,0.2852,-2.866,1.453,-2.822
0.176,-0.0005,0.288,-2.879,1.439,-2.844,0.1772,-0.0005,0.2881,-2.821,1.461,-2.786
0.176,-0.0005,0.288,-2.879,1.439,-2.844,0.1823,0.0,0.2809,-2.917,1.447,-2.865
0.0441,0.2917,0.2168,3.135,1.132,-3.078,0.0655,0.2841,0.2246,3.085,1.143,3.118
0.2233,0.2968,0.1673,-3.02,1.126,-3.0,0.2167,0.2998,0.1745,-3.09,1.155,-3.07
0.2104,0.297,0.147,-2.988,1.072,-3.002,0.2137,0.2976,0.1519,-3.005,1.09,-3.004
0.2233,0.2968,0.1673,-3.02,1.126,-3.0,0.2151,0.2971,0.1534,-3.021,1.091,-3.027
0.2503,0.2699,0.1607,1.495,1.513,3.088,0.2492,0.27,0.1604,1.643,1.497,-3.081
0.176,-0.0005,0.288,-2.879,1.439,-2.844,0.1818,0.0015,0.2845,-2.894,1.446,-2.832
0.176,-0.0005,0.288,-2.879,1.439,-2.844,0.1774,-0.0004,0.2881,-2.823,1.466,-2.785
0.176,-0.0005,0.288,-2.879,1.439,-2.844,0.1797,-0.0003,0.2845,-2.869,1.452,-2.841
0.0441,0.2917,0.2168,3.135,1.132,-3.078,0.0528,0.289,0.2199,3.118,1.136,-3.111
0.2233,0.2968,0.1673,-3.02,1.126,-3.0,0.2078,0.3014,0.1769,-3.082,1.149,-3.054
0.2104,0.297,0.147,-2.988,1.072,-3.002,0.2168,0.298,0.1571,-3.021,1.11,-3.01
0.2233,0.2968,0.1673,-3.02,1.126,-3.0,0.2198,0.2972,0.1594,-3.036,1.119,-3.035
0.2503,0.2699,0.1607,1.495,1.513,3.088,0.2487,0.2705,0.1609,1.74,1.489,-3.041
0.176,-0.0005,0.288,-2.879,1.439,-2.844,0.1819,0.0015,0.2845,-2.886,1.447,-2.829
0.176,-0.0005,0.288,-2.879,1.439,-2.844,0.1772,-0.0005,0.2881,-2.823,1.461,-2.786
0.176,-0.0005,0.288,-2.879,1.439,-2.844,0.181,-0.0003,0.282,-2.907,1.441,-2.879
-0.0378,-0.3307,0.1594,3.087,1.488,3.119,-0.0352,-0.33,0.168,-3.008,1.487,-3.034
0.176,-0.0005,0.288,-2.879,1.439,-2.844,0.1772,-0.0041,0.2878,-2.817,1.456,-2.807
0.176,-0.0005,0.288,-2.879,1.439,-2.844,0.177,-0.0006,0.2881,-2.812,1.458,-2.783
0.176,-0.0005,0.288,-2.879,1.439,-2.844,0.176,-0.0003,0.288,-2.864,1.439,-2.832
0.0441,0.2917,0.2168,3.135,1.132,-3.078,0.0656,0.2828,0.2251,3.127,1.128,-3.12
0.176,-0.0005,0.288,-2.879,1.439,-2.844,0.176,-0.0005,0.288,-2.875,1.439,-2.844
0.0441,0.2917,0.2168,3.135,1.132,-3.078,0.0553,0.2872,0.2208,-3.13,1.125,-3.078
0.176,-0.0005,0.288,-2.879,1.439,-2.844,0.1761,-0.0006,0.288,-2.862,1.44,-2.83
0.2233,0.2968,0.1673,-3.02,1.126,-3.0,0.2273,0.2873,0.1816,-3.041,1.129,-3.013
0.2104,0.297,0.147,-2.988,1.072,-3.002,0.2162,0.2969,0.16,-2.978,1.072,-2.955
0.2233,0.2968,0.1673,-3.02,1.126,-3.0,0.2165,0.2966,0.1552,-3.013,1.093,-3.016
0.2503,0.2699,0.1607,1.495,1.513,3.088,0.2492,0.2691,0.1603,1.743,1.487,-2.962
0.176,-0.0005,0.288,-2.879,1.439,-2.844,0.1821,0.0018,0.2843,-2.917,1.434,-2.856
0.176,-0.0005,0.288,-2.879,1.439,-2.844,0.1768,-0.0004,0.2878,-2.87,1.45,-2.832
0.176,-0.0005,0.288,-2.879,1.439,-2.844,0.1788,-0.0001,0.285,-2.905,1.445,-2.856
0.0441,0.2917,0.2168,3.135,1.132,-3.078,0.0478,0.29,0.2181,-3.131,1.127,-3.064
0.2233,0.2968,0.1673,-3.02,1.126,-3.0,0.2138,0.3,0.1752,-3.076,1.145,-3.052
0.2104,0.297,0.147,-2.988,1.072,-3.002,0.2176,0.2979,0.1595,-3.018,1.111,-3.002
0.2233,0.2968,0.1673,-3.02,1.126,-3.0,0.2186,0.2969,0.1576,-3.029,1.111,-3.03
0.2503,0.2699,0.1607,1.495,1.513,3.088,0.2497,0.2696,0.1609,1.638,1.5,-3.07
0.176,-0.0005,0.288,-2.879,1.439,-2.844,0.1848,0.0033,0.2833,-2.918,1.437,-2.843
0.176,-0.0005,0.288,-2.879,1.439,-2.844,0.1769,-0.0005,0.2881,-2.841,1.455,-2.804
0.176,-0.0005,0.288,-2.879,1.439,-2.844,0.1769,-0.0005,0.2881,-2.841,1.455,-2.804
0.0441,0.2917,0.2168,3.135,1.132,-3.078,0.0663,0.2833,0.2247,3.089,1.143,3.128
0.2233,0.2968,0.1673,-3.02,1.126,-3.0,0.2189,0.2989,0.1732,-3.08,1.151,-3.063
0.2104,0.297,0.147,-2.988,1.072,-3.002,0.2124,0.2978,0.1508,-2.999,1.085,-2.996
0.2233,0.2968,0.1673,-3.02,1.126,-3.0,0.2124,0.2973,0.1493,-3.004,1.083,-3.009
0.2503,0.2699,0.1607,1.495,1.513,3.088,0.2494,0.2702,0.161,1.691,1.494,-3.055
0.176,-0.0005,0.288,-2.879,1.439,-2.844,0.1856,0.0039,0.2834,-2.926,1.44,-2.845
0.176,-0.0005,0.288,-2.879,1.439,-2.844,0.177,-0.0005,0.2881,-2.835,1.458,-2.795
0.176,-0.0005,0.288,-2.879,1.439,-2.844,0.184,-0.0005,0.278,-2.903,1.444,-2.875
0.0441,0.2917,0.2168,3.135,1.132,-3.078,0.0697,0.2822,0.2256,3.072,1.147,3.102
0.2233,0.2968,0.1673,-3.02,1.126,-3.0,0.2189,0.2989,0.1732,-3.082,1.151,-3.063
0.2104,0.297,0.147,-2.988,1.072,-3.002,0.2133,0.2979,0.1519,-3.006,1.092,-3.002
0.2233,0.2968,0.1673,-3.02,1.126,-3.0,0.2139,0.2974,0.151,-3.019,1.091,-3.031
0.2503,0.2699,0.1607,1.495,1.513,3.088,0.2488,0.2706,0.1604,1.717,1.49,-3.053
0.176,-0.0005,0.288,-2.879,1.439,-2.844,0.185,0.0036,0.2833,-2.912,1.442,-2.832
0.176,-0.0005,0.288,-2.879,1.439,-2.844,0.1771,-0.0005,0.2881,-2.828,1.46,-2.791
0.176,-0.0005,0.288,-2.879,1.439,-2.844,0.1849,-0.0005,0.2776,-2.899,1.446,-2.872
0.0441,0.2917,0.2168,3.135,1.132,-3.078,0.0694,0.2826,0.2259,3.064,1.148,3.097
0.2233,0.2968,0.1673,-3.02,1.126,-3.0,0.2155,0.3,0.1746,-3.088,1.155,-3.067
0.2104,0.297,0.147,-2.988,1.072,-3.002,0.2149,0.2978,0.1542,-3.011,1.099,-3.005
0.2233,0.2968,0.1673,-3.02,1.126,-3.0,0.2228,0.2975,0.1647,-3.055,1.138,-3.048
0.2503,0.2699,0.1607,1.495,1.513,3.088,0.2493,0.2701,0.1607,1.67,1.495,-3.08
0.176,-0.0005,0.288,-2.879,1.439,-2.844,0.1812,0.0007,0.2849,-2.878,1.45,-2.826
0.176,-0.0005,0.288,-2.879,1.439,-2.844,0.177,-0.0002,0.2881,-2.833,1.458,-2.794
0.176,-0.0005,0.288,-2.879,1.439,-2.844,0.1784,-0.0004,0.2862,-2.871,1.45,-2.844
-0.0628,-0.3349,0.1343,2.988,1.481,-3.1,-0.0628,-0.3345,0.1368,2.938,1.48,3.111
0.176,-0.0005,0.288,-2.879,1.439,-2.844,0.1801,-0.0154,0.2861,-2.825,1.454,-2.878
0.176,-0.0005,0.288,-2.879,1.439,-2.844,0.177,-0.0006,0.2881,-2.815,1.458,-2.783
0.2233,0.2968,0.1673,-3.02,1.126,-3.0,0.2288,0.2862,0.1833,-3.072,1.147,-3.046
0.2104,0.297,0.147,-2.988,1.072,-3.002,0.2177,0.2975,0.1599,-3.015,1.099,-2.998
0.2233,0.2968,0.1673,-3.02,1.126,-3.0,0.2178,0.2974,0.1565,-3.041,1.108,-3.046
0.2503,0.2699,0.1607,1.495,1.513,3.088,0.2499,0.2697,0.1604,1.603,1.502,-3.099
0.176,-0.0005,0.288,-2.879,1.439,-2.844,0.1876,0.0054,0.2829,-2.931,1.441,-2.837
0.176,-0.0005,0.288,-2.879,1.439,-2.844,0.1771,-0.0005,0.2881,-2.828,1.46,-2.791
0.176,-0.0005,0.288,-2.879,1.439,-2.844,0.1836,-0.0002,0.2789,-2.898,1.446,-2.87
-0.0269,-0.3314,0.1455,1.227,1.566,1.272,-0.0261,-0.331,0.1509,2.149,1.564,2.17
0.176,-0.0005,0.288,-2.879,1.439,-2.844,0.1789,-0.012,0.2865,-2.838,1.449,-2.872
0.176,-0.0005,0.288,-2.879,1.439,-2.844,0.177,-0.0002,0.2881,-2.826,1.458,-2.794
0.2233,0.2968,0.1673,-3.02,1.126,-3.0,0.223,0.2965,0.1701,-3.026,1.124,-2.998
0.2104,0.297,0.147,-2.988,1.072,-3.002,0.2196,0.2975,0.1623,-3.015,1.109,-2.993
0.2233,0.2968,0.1673,-3.02,1.126,-3.0,0.2181,0.2976,0.1577,-3.042,1.109,-3.046
0.2503,0.2699,0.1607,1.495,1.513,3.088,0.2495,0.2695,0.1606,1.615,1.498,-3.096
0.176,-0.0005,0.288,-2.879,1.439,-2.844,0.1817,0.0013,0.2847,-2.884,1.449,-2.827
0.176,-0.0005,0.288,-2.879,1.439,-2.844,0.177,-0.0004,0.2881,-2.844,1.459,-2.808
0.176,-0.0005,0.288,-2.879,1.439,-2.844,0.1795,-0.0002,0.2848,-2.903,1.448,-2.875
-0.0576,-0.3339,0.1477,-3.112,1.49,-3.083,-0.0545,-0.3335,0.1564,-3.008,1.488,-3.026
0.176,-0.0005,0.288,-2.879,1.439,-2.844,0.1776,-0.0065,0.2873,-2.815,1.456,-2.821
0.176,-0.0005,0.288,-2.879,1.439,-2.844,0.1769,-0.0006,0.2881,-2.817,1.456,-2.787
0.2233,0.2968,0.1673,-3.02,1.126,-3.0,0.2252,0.2927,0.1768,-3.052,1.138,-3.022
0.2104,0.297,0.147,-2.988,1.072,-3.002,0.2142,0.2976,0.1535,-3.009,1.086,-3.005
0.2233,0.2968,0.1673,-3.02,1.126,-3.0,0.2224,0.2971,0.1632,-3.047,1.133,-3.041
0.2503,0.2699,0.1607,1.495,1.513,3.088,0.2487,0.2706,0.1604,1.717,1.488,-3.053
0.176,-0.0005,0.288,-2.879,1.439,-2.844,0.182,0.0015,0.2845,-2.885,1.449,-2.825
0.176,-0.0005,0.288,-2.879,1.439,-2.844,0.177,-0.0004,0.2881,-2.843,1.459,-2.808
0.176,-0.0005,0.288,-2.879,1.439,-2.844,0.1823,-0.0002,0.2803,-2.901,1.444,-2.873
0.0441,0.2917,0.2168,3.135,1.132,-3.078,0.0626,0.2855,0.2236,3.083,1.14,3.121
0.2233,0.2968,0.1673,-3.02,1.126,-3.0,0.2117,0.3007,0.1757,-3.086,1.153,-3.058
0.2104,0.297,0.147,-2.988,1.072,-3.002,0.2139,0.2975,0.1522,-3.001,1.092,-2.996
0.2233,0.2968,0.1673,-3.02,1.126,-3.0,0.2235,0.2972,0.1649,-3.05,1.141,-3.041
0.2503,0.2699,0.1607,1.495,1.513,3.088,0.2492,0.2702,0.1604,1.712,1.49,-3.054
0.176,-0.0005,0.288,-2.879,1.439,-2.844,0.1786,-0.0002,0.2862,-2.86,1.454,-2.819
0.176,-0.0005,0.288,-2.879,1.439,-2.844,0.1772,-0.0004,0.2881,-2.836,1.462,-2.799
0.176,-0.0005,0.288,-2.879,1.439,-2.844,0.1796,-0.0002,0.2842,-2.904,1.447,-2.878
0.0441,0.2917,0.2168,3.135,1.132,-3.078,0.0563,0.288,0.2212,3.106,1.138,-3.128
0.2233,0.2968,0.1673,-3.02,1.126,-3.0,0.222,0.2981,0.1709,-3.067,1.146,-3.051
0.2104,0.297,0.147,-2.988,1.072,-3.002,0.2188,0.2981,0.1609,-3.027,1.122,-3.01
0.2233,0.2968,0.1673,-3.02,1.126,-3.0,0.2188,0.2971,0.1576,-3.036,1.114,-3.039
0.2503,0.2699,0.1607,1.495,1.513,3.088,0.2498,0.2696,0.1604,1.633,1.5,-3.07
0.176,-0.0005,0.288,-2.879,1.439,-2.844,0.1854,0.0039,0.2831,-2.932,1.438,-2.851
0.176,-0.0005,0.288,-2.879,1.439,-2.844,0.1772,-0.0005,0.2881,-2.823,1.461,-2.786
0.176,-0.0005,0.288,-2.879,1.439,-2.844,0.182,-0.0003,0.2812,-2.886,1.445,-2.858
-0.0378,-0.3307,0.1594,3.087,1.488,3.119,-0.0327,-0.3294,0.1724,-2.998,1.485,-3.068
0.176,-0.0005,0.288,-2.879,1.439,-2.844,0.1786,-0.0104,0.2866,-2.83,1.452,-2.855
0.176,-0.0005,0.288,-2.879,1.439,-2.844,0.177,-0.0005,0.2881,-2.824,1.458,-2.795
0.176,-0.0005,0.288,-2.879,1.439,-2.844,0.1766,-0.0004,0.288,-2.87,1.452,-2.84
0.2233,0.2968,0.1673,-3.02,1.126,-3.0,0.2254,0.2918,0.1778,-3.051,1.14,-3.018
0.2104,0.297,0.147,-2.988,1.072,-3.002,0.2213,0.297,0.1649,-3.031,1.114,-3.008
0.2233,0.2968,0.1673,-3.02,1.126,-3.0,0.2207,0.2972,0.1609,-3.04,1.123,-3.035
0.2503,0.2699,0.1607,1.495,1.513,3.088,0.2484,0.2712,0.161,1.747,1.486,-3.064
0.176,-0.0005,0.288,-2.879,1.439,-2.844,0.1852,0.0039,0.2831,-2.934,1.435,-2.856
0.176,-0.0005,0.288,-2.879,1.439,-2.844,0.1773,-0.0005,0.2881,-2.812,1.464,-2.777
0.176,-0.0005,0.288,-2.879,1.439,-2.844,0.1769,-0.0005,0.2881,-2.839,1.455,-2.804
0.0441,0.2917,0.2168,3.135,1.132,-3.078,0.0489,0.2913,0.218,3.098,1.142,-3.128
0.2233,0.2968,0.1673,-3.02,1.126,-3.0,0.2086,0.3003,0.1771,-3.07,1.15,-3.039
0.2104,0.297,0.147,-2.988,1.072,-3.002,0.2149,0.2979,0.1542,-3.018,1.099,-3.01
0.2233,0.2968,0.1673,-3.02,1.126,-3.0,0.2212,0.2972,0.162,-3.03,1.13,-3.024
0.2503,0.2699,0.1607,1.495,1.513,3.088,0.2495,0.2703,0.1604,1.691,1.496,-3.068
0.176,-0.0005,0.288,-2.879,1.439,-2.844,0.185,0.0039,0.2833,-2.934,1.436,-2.853
0.176,-0.0005,0.288,-2.879,1.439,-2.844,0.1768,-0.0004,0.2881,-2.86,1.454,-2.82
0.176,-0.0005,0.288,-2.879,1.439,-2.844,0.1769,-0.0004,0.2881,-2.853,1.456,-2.816
0.0441,0.2917,0.2168,3.135,1.132,-3.078,0.0661,0.2841,0.2246,3.076,1.145,3.112
0.2233,0.2968,0.1673,-3.02,1.126,-3.0,0.2211,0.2987,0.1719,-3.08,1.154,-3.065
0.2104,0.297,0.147,-2.988,1.072,-3.002,0.2141,0.2977,0.153,-2.998,1.095,-2.998
0.2233,0.2968,0.1673,-3.02,1.126,-3.0,0.2131,0.2974,0.1495,-3.023,1.09,-3.034
0.2503,0.2699,0.1607,1.495,1.513,3.088,0.2489,0.2706,0.1604,1.711,1.492,-3.053
0.2205,0.1281,0.2462,-2.946,1.047,-2.619,0.2209,0.1283,0.246,-2.946,1.056,-2.619
0.2205,0.1281,0.2462,-2.946,1.047,-2.619,0.2208,0.1282,0.246,-2.948,1.054,-2.619
0.2205,0.1281,0.2462,-2.946,1.047,-2.619,0.2208,0.1282,0.246,-2.945,1.054,-2.616
0.2205,0.1281,0.2462,-2.946,1.047,-2.619,0.2208,0.1282,0.246,-2.945,1.054,-2.616
0.2205,0.1281,0.2462,-2.946,1.047,-2.619,0.2208,0.1282,0.246,-2.945,1.054,-2.616
0.2205,0.1281,0.2462,-2.946,1.047,-2.619,0.2208,0.1282,0.246,-2.945,1.054,-2.616
0.2205,0.1281,0.2462,-2.946,1.047,-2.619,0.2208,0.1282,0.246,-2.945,1.054,-2.616
0.2205,0.1281,0.2462,-2.946,1.047,-2.619,0.2208,0.1282,0.246,-2.945,1.054,-2.616
0.2003,0.1213,0.3384,-3.089,1.279,-2.766,0.2002,0.1214,0.3384,-3.094,1.279,-2.771
0.2003,0.1213,0.3384,-3.089,1.279,-2.766,0.2003,0.1213,0.3384,-3.089,1.279,-2.766
0.2003,0.1213,0.3384,-3.089,1.279,-2.766,0.2003,0.1214,0.3384,-3.092,1.281,-2.767
-0.0099,-0.2677,0.2539,2.699,1.103,2.806,0.0023,-0.267,0.255,2.697,1.099,2.823
0.2003,0.1213,0.3384,-3.089,1.279,-2.766,0.2011,0.1219,0.3383,-3.112,1.299,-2.783
-0.0099,-0.2677,0.2539,2.699,1.103,2.806,-0.0071,-0.2668,0.2542,2.675,1.098,2.782
0.2003,0.1213,0.3384,-3.089,1.279,-2.766,0.2012,0.1219,0.3383,-3.105,1.302,-2.78
0.2003,0.1213,0.3384,-3.089,1.279,-2.766,0.2007,0.1216,0.3384,-3.101,1.29,-2.772
0.1373,0.0946,0.2001,2.926,1.065,-2.732,0.1373,0.0946,0.2001,2.926,1.065,-2.732
0.1373,0.0946,0.2001,2.926,1.065,-2.732,0.1373,0.0946,0.2001,2.926,1.065,-2.732
-0.0099,-0.2677,0.2539,2.699,1.103,2.806,-0.0076,-0.2669,0.254,2.682,1.096,2.792
0.15,-0.2436,0.2796,3.13,1.4,3.141,0.1518,-0.2426,0.2796,3.131,1.405,3.134
0.1586,-0.2634,0.1819,2.559,1.145,2.688,0.1579,-0.2621,0.1881,2.564,1.145,2.676
0.15,-0.2436,0.2796,3.13,1.4,3.141,0.1503,-0.2449,0.2775,-3.123,1.39,-3.104
0.2338,-0.0625,0.1628,2.293,1.417,2.444,0.2333,-0.0758,0.1674,2.318,1.415,2.45
0.1373,0.0946,0.2001,2.926,1.065,-2.732,0.1383,0.0947,0.1998,2.916,1.083,-2.744
-0.0099,-0.2677,0.2539,2.699,1.103,2.806,-0.0091,-0.2676,0.2535,2.703,1.103,2.809
0.2509,-0.1022,0.2889,0.141,1.438,0.009,0.2534,-0.1032,0.2881,0.117,1.428,-0.014
0.2759,-0.1136,0.1701,-1.094,1.383,-1.063,0.2754,-0.1135,0.1715,-1.143,1.391,-1.112
0.2509,-0.1022,0.2889,0.141,1.438,0.009,0.2533,-0.1037,0.284,0.039,1.44,-0.09
0.2338,-0.0625,0.1628,2.293,1.417,2.444,0.2335,-0.0629,0.164,2.333,1.408,2.484
0.1373,0.0946,0.2001,2.926,1.065,-2.732,0.1396,0.094,0.1995,2.914,1.086,-2.752
0.4355,-0.124,0.2217,-0.099,1.012,-0.076,0.4343,-0.1221,0.2217,-0.083,1.035,-0.062
0.2509,-0.1022,0.2889,0.141,1.438,0.009,0.2506,-0.1008,0.2887,0.252,1.452,0.119
0.2759,-0.1136,0.1701,-1.094,1.383,-1.063,0.2754,-0.1135,0.1715,-1.138,1.392,-1.109
0.2509,-0.1022,0.2889,0.141,1.438,0.009,0.2514,-0.1026,0.2891,0.071,1.429,-0.062
0.2338,-0.0625,0.1628,2.293,1.417,2.444,0.2337,-0.063,0.1646,2.338,1.41,2.487
0.1373,0.0946,0.2001,2.926,1.065,-2.732,0.1416,0.0919,0.1988,2.909,1.083,-2.768
0.2509,-0.1022,0.2889,0.141,1.438,0.009,0.2517,-0.0872,0.2847,0.501,1.485,0.413
0.2759,-0.1136,0.1701,-1.094,1.383,-1.063,0.2746,-0.1133,0.1726,-1.194,1.399,-1.168
0.2509,-0.1022,0.2889,0.141,1.438,0.009,0.252,-0.1031,0.2854,0.076,1.448,-0.054
0.2338,-0.0625,0.1628,2.293,1.417,2.444,0.2331,-0.0627,0.164,2.341,1.399,2.488
0.2509,-0.1022,0.2889,0.141,1.438,0.009,0.2528,-0.101,0.2798,0.159,1.436,0.043
0.2759,-0.1136,0.1701,-1.094,1.383,-1.063,0.2756,-0.1135,0.1709,-1.107,1.387,-1.078
0.2509,-0.1022,0.2889,0.141,1.438,0.009,0.2518,-0.1027,0.2893,0.068,1.42,-0.066
0.2338,-0.0625,0.1628,2.293,1.417,2.444,0.2338,-0.0627,0.1638,2.322,1.417,2.474
0.1373,0.0946,0.2001,2.926,1.065,-2.732,0.1447,0.0901,0.1977,2.901,1.096,-2.79
0.2509,-0.1022,0.2889,0.141,1.438,0.009,0.2518,-0.0927,0.2868,0.29,1.467,0.189
0.2759,-0.1136,0.1701,-1.094,1.383,-1.063,0.2752,-0.1134,0.1707,-1.146,1.393,-1.117
0.2509,-0.1022,0.2889,0.141,1.438,0.009,0.2514,-0.1027,0.2884,0.064,1.431,-0.068
0.2338,-0.0625,0.1628,2.293,1.417,2.444,0.2343,-0.0631,0.1655,2.321,1.414,2.469
0.1373,0.0946,0.2001,2.926,1.065,-2.732,0.1431,0.0909,0.1982,2.899,1.085,-2.788
0.4355,-0.124,0.2217,-0.099,1.012,-0.076,0.4339,-0.1199,0.222,-0.084,1.039,-0.058
0.2509,-0.1022,0.2889,0.141,1.438,0.009,0.2516,-0.1016,0.2888,0.099,1.429,-0.028
0.2759,-0.1136,0.1701,-1.094,1.383,-1.063,0.2751,-0.1134,0.1727,-1.138,1.394,-1.113
0.2509,-0.1022,0.2889,0.141,1.438,0.009,0.2534,-0.1039,0.2837,0.017,1.435,-0.114
0.2338,-0.0625,0.1628,2.293,1.417,2.444,0.2329,-0.0623,0.1628,2.336,1.4,2.489
0.1389,0.0689,0.1544,2.672,1.337,-2.568,0.146,0.0619,0.1545,2.649,1.323,-2.665
0.4355,-0.124,0.2217,-0.099,1.012,-0.076,0.4332,-0.1197,0.2213,-0.095,1.042,-0.057
0.2509,-0.1022,0.2889,0.141,1.438,0.009,0.2521,-0.1006,0.2878,0.057,1.423,-0.061
0.2759,-0.1136,0.1701,-1.094,1.383,-1.063,0.2757,-0.1134,0.1754,-1.06,1.383,-1.033
0.2509,-0.1022,0.2889,0.141,1.438,0.009,0.2534,-0.1037,0.285,0.024,1.428,-0.108
0.2338,-0.0625,0.1628,2.293,1.417,2.444,0.2339,-0.0627,0.1634,2.307,1.418,2.457
0.1389,0.0689,0.1544,2.672,1.337,-2.568,0.1443,0.0638,0.1543,2.657,1.332,-2.639
0.4355,-0.124,0.2217,-0.099,1.012,-0.076,0.4321,-0.1167,0.2207,-0.102,1.043,-0.058
0.2762,-0.1166,0.2046,-0.158,1.512,-0.203,0.2767,-0.1172,0.2023,-0.324,1.502,-0.367
0.2777,-0.1162,0.1693,-0.85,1.416,-0.819,0.2772,-0.1159,0.1702,-0.869,1.431,-0.842
0.2762,-0.1166,0.2046,-0.158,1.512,-0.203,0.277,-0.117,0.2012,-0.375,1.499,-0.414
0.2338,-0.0625,0.1628,2.293,1.417,2.444,0.2363,-0.0641,0.1652,2.325,1.414,2.474
0.1389,0.0689,0.1544,2.672,1.337,-2.568,0.1432,0.0646,0.1546,2.656,1.325,-2.632
0.4355,-0.124,0.2217,-0.099,1.012,-0.076,0.4338,-0.1206,0.2207,-0.098,1.037,-0.062
0.1389,0.0689,0.1544,2.672,1.337,-2.568,0.1389,0.0689,0.1544,2.667,1.339,-2.572
0.1389,0.0689,0.1544,2.672,1.337,-2.568,0.1388,0.069,0.1544,2.676,1.337,-2.562
0.1389,0.0689,0.1544,2.672,1.337,-2.568,0.1389,0.0688,0.1544,2.676,1.337,-2.564
0.1389,0.0689,0.1544,2.672,1.337,-2.568,0.1389,0.0688,0.1544,2.676,1.337,-2.564
0.1389,0.0689,0.1544,2.672,1.337,-2.568,0.1389,0.0688,0.1544,2.676,1.337,-2.564
0.1389,0.0689,0.1544,2.672,1.337,-2.568,0.1389,0.0688,0.1544,2.676,1.337,-2.564
0.1389,0.0689,0.1544,2.672,1.337,-2.568,0.1389,0.0688,0.1542,2.676,1.336,-2.564
0.2762,-0.1166,0.2046,-0.158,1.512,-0.203,0.2768,-0.117,0.2047,-0.248,1.497,-0.291
0.2777,-0.1162,0.1693,-0.85,1.416,-0.819,0.2772,-0.1164,0.1714,-0.855,1.43,-0.829
0.2762,-0.1166,0.2046,-0.158,1.512,-0.203,0.2768,-0.1172,0.2028,-0.328,1.498,-0.369
0.2338,-0.0625,0.1628,2.293,1.417,2.444,0.2339,-0.0627,0.1633,2.331,1.413,2.484
0.1389,0.0689,0.1544,2.672,1.337,-2.568,0.1461,0.0623,0.1545,2.651,1.327,-2.662
0.1389,0.0689,0.1544,2.672,1.337,-2.568,0.1387,0.0681,0.1542,2.664,1.325,-2.586
0.1389,0.0689,0.1544,2.672,1.337,-2.568,0.1386,0.0688,0.1544,2.669,1.331,-2.575
0.4355,-0.124,0.2217,-0.099,1.012,-0.076,0.4331,-0.1204,0.2208,-0.098,1.038,-0.062
0.2762,-0.1166,0.2046,-0.158,1.512,-0.203,0.284,-0.1187,0.2057,-0.165,1.481,-0.207
0.2777,-0.1162,0.1693,-0.85,1.416,-0.819,0.2773,-0.1161,0.17,-0.873,1.423,-0.841
0.2762,-0.1166,0.2046,-0.158,1.512,-0.203,0.2773,-0.1171,0.2025,-0.39,1.492,-0.427
0.2338,-0.0625,0.1628,2.293,1.417,2.444,0.2351,-0.0634,0.164,2.321,1.417,2.471
0.1389,0.0689,0.1544,2.672,1.337,-2.568,0.139,0.0689,0.1544,2.676,1.34,-2.567
0.2762,-0.1166,0.2046,-0.158,1.512,-0.203,0.2772,-0.1113,0.2038,-0.265,1.502,-0.283
0.2777,-0.1162,0.1693,-0.85,1.416,-0.819,0.2772,-0.1159,0.1688,-0.863,1.426,-0.833
0.2762,-0.1166,0.2046,-0.158,1.512,-0.203,0.2769,-0.1174,0.2031,-0.341,1.498,-0.385
0.2338,-0.0625,0.1628,2.293,1.417,2.444,0.2333,-0.0625,0.1628,2.329,1.41,2.484
0.1389,0.0689,0.1544,2.672,1.337,-2.568,0.1419,0.0655,0.1544,2.66,1.33,-2.618
0.1389,0.0689,0.1544,2.672,1.337,-2.568,0.1385,0.0687,0.1544,2.669,1.33,-2.575
0.1389,0.0689,0.1544,2.672,1.337,-2.568,0.1385,0.0687,0.1544,2.667,1.33,-2.575
0.4355,-0.124,0.2217,-0.099,1.012,-0.076,0.4334,-0.1206,0.2209,-0.101,1.035,-0.063
0.2762,-0.1166,0.2046,-0.158,1.512,-0.203,0.2772,-0.117,0.2048,-0.2,1.491,-0.244
0.2777,-0.1162,0.1693,-0.85,1.416,-0.819,0.2775,-0.1165,0.1737,-0.842,1.426,-0.818
0.2762,-0.1166,0.2046,-0.158,1.512,-0.203,0.277,-0.1173,0.2048,-0.314,1.492,-0.357
0.2338,-0.0625,0.1628,2.293,1.417,2.444,0.2376,-0.0646,0.166,2.309,1.428,2.455
0.1389,0.0689,0.1544,2.672,1.337,-2.568,0.1411,0.0694,0.1553,2.673,1.327,-2.574
0.2762,-0.1166,0.2046,-0.158,1.512,-0.203,0.2765,-0.1047,0.2028,-0.227,1.512,-0.225
0.2777,-0.1162,0.1693,-0.85,1.416,-0.819,0.277,-0.1162,0.1717,-0.84,1.434,-0.817
0.2762,-0.1166,0.2046,-0.158,1.512,-0.203,0.2769,-0.117,0.2016,-0.391,1.499,-0.43
0.2338,-0.0625,0.1628,2.293,1.417,2.444,0.2353,-0.0635,0.1645,2.331,1.413,2.48
0.1389,0.0689,0.1544,2.672,1.337,-2.568,0.1387,0.0678,0.1542,2.665,1.324,-2.588
0.1389,0.0689,0.1544,2.672,1.337,-2.568,0.1383,0.0687,0.1545,2.664,1.325,-2.581
0.1389,0.0689,0.1544,2.672,1.337,-2.568,0.1383,0.0686,0.1545,2.664,1.325,-2.577
0.1389,0.0689,0.1544,2.672,1.337,-2.568,0.1383,0.0686,0.1545,2.664,1.325,-2.577
0.4146,-0.1185,0.2212,-0.649,1.311,-0.599,0.4137,-0.1155,0.2213,-0.651,1.305,-0.588
0.2762,-0.1166,0.2046,-0.158,1.512,-0.203,0.2798,-0.118,0.2048,-0.292,1.516,-0.334
0.2777,-0.1162,0.1693,-0.85,1.416,-0.819,0.2776,-0.116,0.1714,-0.845,1.426,-0.817
0.2762,-0.1166,0.2046,-0.158,1.512,-0.203,0.2767,-0.1171,0.2047,-0.276,1.499,-0.321
0.2338,-0.0625,0.1628,2.293,1.417,2.444,0.2391,-0.0662,0.1672,2.292,1.433,2.433
0.1389,0.0689,0.1544,2.672,1.337,-2.568,0.1447,0.0634,0.1545,2.656,1.332,-2.642
0.1389,0.0689,0.1544,2.672,1.337,-2.568,0.1385,0.0688,0.1544,2.661,1.33,-2.58
0.1389,0.0689,0.1544,2.672,1.337,-2.568,0.1385,0.0688,0.1544,2.662,1.33,-2.58
0.1389,0.0689,0.1544,2.672,1.337,-2.568,0.1385,0.0688,0.1544,2.664,1.33,-2.58
0.1389,0.0689,0.1544,2.672,1.337,-2.568,0.14,0.0682,0.1542,2.676,1.35,-2.581
0.2762,-0.1166,0.2046,-0.158,1.512,-0.203,0.2769,-0.1161,0.2047,-0.244,1.504,-0.278
0.2777,-0.1162,0.1693,-0.85,1.416,-0.819,0.2771,-0.1159,0.1706,-0.875,1.432,-0.848
0.2762,-0.1166,0.2046,-0.158,1.512,-0.203,0.2768,-0.1173,0.2031,-0.344,1.501,-0.384
0.2018,-0.0165,0.1581,-3.075,1.453,-3.067,0.2089,-0.0201,0.162,-3.111,1.459,-3.107
0.1389,0.0689,0.1544,2.672,1.337,-2.568,0.1406,0.0677,0.1544,2.677,1.351,-2.58
0.1389,0.0689,0.1544,2.672,1.337,-2.568,0.1394,0.0692,0.1544,2.672,1.35,-2.569
0.1389,0.0689,0.1544,2.672,1.337,-2.568,0.1394,0.0692,0.1544,2.676,1.35,-2.564
0.1389,0.0689,0.1544,2.672,1.337,-2.568,0.1394,0.0691,0.1544,2.675,1.348,-2.564
0.4146,-0.1185,0.2212,-0.649,1.311,-0.599,0.415,-0.1179,0.2216,-0.648,1.302,-0.59
0.2762,-0.1166,0.2046,-0.158,1.512,-0.203,0.2776,-0.1168,0.2044,-0.184,1.523,-0.226
0.2777,-0.1162,0.1693,-0.85,1.416,-0.819,0.2772,-0.1159,0.1691,-0.866,1.429,-0.839
0.2762,-0.1166,0.2046,-0.158,1.512,-0.203,0.2765,-0.117,0.2039,-0.292,1.502,-0.334
0.2018,-0.0165,0.1581,-3.075,1.453,-3.067,0.2064,-0.0187,0.1607,-3.1,1.452,-3.092
0.1389,0.0689,0.1544,2.672,1.337,-2.568,0.1396,0.0691,0.1544,2.671,1.351,-2.574
0.1389,0.0689,0.1544,2.672,1.337,-2.568,0.1395,0.0692,0.1544,2.674,1.351,-2.568
0.1389,0.0689,0.1544,2.672,1.337,-2.568,0.1395,0.0692,0.1544,2.673,1.351,-2.568
0.1389,0.0689,0.1544,2.672,1.337,-2.568,0.1394,0.0691,0.1544,2.679,1.348,-2.56
0.4146,-0.1185,0.2212,-0.649,1.311,-0.599,0.4146,-0.1177,0.2218,-0.635,1.301,-0.579
0.2762,-0.1166,0.2046,-0.158,1.512,-0.203,0.2801,-0.1179,0.2052,-0.201,1.525,-0.243
0.2777,-0.1162,0.1693,-0.85,1.416,-0.819,0.2773,-0.116,0.1713,-0.864,1.431,-0.839
0.2762,-0.1166,0.2046,-0.158,1.512,-0.203,0.2771,-0.117,0.2019,-0.374,1.498,-0.414
0.2018,-0.0165,0.1581,-3.075,1.453,-3.067,0.2117,-0.0217,0.1634,-3.094,1.468,-3.091
0.1389,0.0689,0.1544,2.672,1.337,-2.568,0.1406,0.0676,0.1544,2.681,1.351,-2.575
0.1389,0.0689,0.1544,2.672,1.337,-2.568,0.1394,0.0692,0.1544,2.677,1.35,-2.564
0.1389,0.0689,0.1544,2.672,1.337,-2.568,0.1394,0.0692,0.1544,2.677,1.35,-2.564
0.1389,0.0689,0.1544,2.672,1.337,-2.568,0.1394,0.0692,0.1544,2.679,1.35,-2.564
0.4146,-0.1185,0.2212,-0.649,1.311,-0.599,0.4142,-0.1176,0.2213,-0.644,1.304,-0.587
0.2762,-0.1166,0.2046,-0.158,1.512,-0.203,0.2789,-0.1175,0.2047,-0.238,1.521,-0.282
0.2777,-0.1162,0.1693,-0.85,1.416,-0.819,0.2772,-0.116,0.1691,-0.873,1.428,-0.845
0.2762,-0.1166,0.2046,-0.158,1.512,-0.203,0.2768,-0.1172,0.2035,-0.313,1.499,-0.352
0.2018,-0.0165,0.1581,-3.075,1.453,-3.067,0.2058,-0.0183,0.1605,-3.116,1.452,-3.107
0.1389,0.0689,0.1544,2.672,1.337,-2.568,0.1415,0.067,0.1544,2.69,1.356,-2.58
0.1389,0.0689,0.1544,2.672,1.337,-2.568,0.1396,0.0692,0.1544,2.68,1.353,-2.563
0.1389,0.0689,0.1544,2.672,1.337,-2.568,0.1395,0.0692,0.1542,2.679,1.35,-2.564
0.1389,0.0689,0.1544,2.672,1.337,-2.568,0.1395,0.0692,0.1544,2.679,1.351,-2.563
0.4146,-0.1185,0.2212,-0.649,1.311,-0.599,0.4145,-0.1178,0.2215,-0.644,1.3,-0.587
0.2762,-0.1166,0.2046,-0.158,1.512,-0.203,0.2781,-0.1171,0.2046,-0.211,1.522,-0.254
0.2777,-0.1162,0.1693,-0.85,1.416,-0.819,0.2774,-0.116,0.1691,-0.856,1.424,-0.829
0.2762,-0.1166,0.2046,-0.158,1.512,-0.203,0.2768,-0.1173,0.2031,-0.343,1.499,-0.384
0.2018,-0.0165,0.1581,-3.075,1.453,-3.067,0.2066,-0.0187,0.1607,-3.095,1.456,-3.087
0.1389,0.0689,0.1544,2.672,1.337,-2.568,0.1427,0.0654,0.1544,2.7,1.356,-2.587
0.1389,0.0689,0.1544,2.672,1.337,-2.568,0.1396,0.0692,0.1544,2.684,1.354,-2.557
0.1389,0.0689,0.1544,2.672,1.337,-2.568,0.1396,0.0692,0.1544,2.683,1.354,-2.557
0.1389,0.0689,0.1544,2.672,1.337,-2.568,0.1396,0.0692,0.1544,2.681,1.353,-2.558
0.2762,-0.1166,0.2046,-0.158,1.512,-0.203,0.2768,-0.1168,0.2047,-0.192,1.5,-0.238
0.2777,-0.1162,0.1693,-0.85,1.416,-0.819,0.277,-0.1162,0.1789,-0.787,1.413,-0.769
0.2762,-0.1166,0.2046,-0.158,1.512,-0.203,0.2765,-0.1168,0.2051,-0.204,1.502,-0.251
0.2018,-0.0165,0.1581,-3.075,1.453,-3.067,0.2029,-0.0168,0.159,-3.111,1.447,-3.106
0.1389,0.0689,0.1544,2.672,1.337,-2.568,0.1404,0.0685,0.1546,2.694,1.355,-2.552
0.1389,0.0689,0.1544,2.672,1.337,-2.568,0.1397,0.0691,0.1544,2.7,1.354,-2.537
0.4146,-0.1185,0.2212,-0.649,1.311,-0.599,0.4208,-0.0934,0.2214,-0.621,1.312,-0.514
0.2873,-0.1193,0.254,-0.098,1.429,-0.089,0.2879,-0.1199,0.2507,-0.158,1.418,-0.15
0.2826,-0.1256,0.1815,-0.494,1.293,-0.486,0.2825,-0.1255,0.182,-0.488,1.301,-0.481
0.2873,-0.1193,0.254,-0.098,1.429,-0.089,0.2879,-0.1199,0.251,-0.162,1.42,-0.155
0.2018,-0.0165,0.1581,-3.075,1.453,-3.067,0.2125,-0.0202,0.1658,-3.071,1.48,-3.064
0.1389,0.0689,0.1544,2.672,1.337,-2.568,0.1414,0.0671,0.1544,2.703,1.354,-2.559
0.1389,0.0689,0.1544,2.672,1.337,-2.568,0.1397,0.0691,0.1544,2.695,1.354,-2.542
0.4281,-0.1278,0.242,-0.184,0.94,-0.175,0.4273,-0.1267,0.2412,-0.179,0.959,-0.164
0.2873,-0.1193,0.254,-0.098,1.429,-0.089,0.2843,-0.1154,0.2482,-0.124,1.441,-0.115
0.2826,-0.1256,0.1815,-0.494,1.293,-0.486,0.2825,-0.1255,0.1815,-0.493,1.302,-0.484
0.2873,-0.1193,0.254,-0.098,1.429,-0.089,0.2878,-0.1204,0.2502,-0.173,1.421,-0.165
0.2231,-0.0352,0.1911,-2.783,1.512,-2.771,0.2293,-0.0381,0.1964,-2.776,1.522,-2.763
0.1389,0.0689,0.1544,2.672,1.337,-2.568,0.1439,0.064,0.1558,2.7,1.332,-2.596
0.1389,0.0689,0.1544,2.672,1.337,-2.568,0.1391,0.0686,0.1544,2.706,1.338,-2.53
0.4281,-0.1278,0.242,-0.184,0.94,-0.175,0.4269,-0.1267,0.2415,-0.188,0.955,-0.171
0.2873,-0.1193,0.254,-0.098,1.429,-0.089,0.2883,-0.1198,0.2543,-0.142,1.407,-0.136
0.2826,-0.1256,0.1815,-0.494,1.293,-0.486,0.2828,-0.1251,0.1846,-0.477,1.303,-0.472
0.2873,-0.1193,0.254,-0.098,1.429,-0.089,0.2881,-0.1199,0.2543,-0.172,1.41,-0.163
0.2231,-0.0352,0.1911,-2.783,1.512,-2.771,0.2252,-0.0357,0.1929,-2.755,1.522,-2.741
0.1389,0.0689,0.1544,2.672,1.337,-2.568,0.1426,0.0656,0.1553,2.693,1.34,-2.586
0.1389,0.0689,0.1544,2.672,1.337,-2.568,0.1394,0.0687,0.1544,2.715,1.344,-2.523
0.4281,-0.1278,0.242,-0.184,0.94,-0.175,0.4264,-0.1245,0.241,-0.187,0.958,-0.167
0.1389,0.0689,0.1544,2.672,1.337,-2.568,0.1392,0.069,0.1544,2.671,1.343,-2.566
0.2873,-0.1193,0.254,-0.098,1.429,-0.089,0.2855,-0.1153,0.2569,-0.016,1.44,-0.006
0.2826,-0.1256,0.1815,-0.494,1.293,-0.486,0.2825,-0.1255,0.182,-0.49,1.299,-0.483
0.2873,-0.1193,0.254,-0.098,1.429,-0.089,0.2881,-0.1201,0.2519,-0.199,1.415,-0.188
0.2231,-0.0352,0.1911,-2.783,1.512,-2.771,0.2318,-0.0396,0.1983,-2.73,1.527,-2.718
0.1432,0.0502,0.2917,2.302,1.287,2.649,0.145,0.0504,0.2914,2.231,1.313,2.578
0.1432,0.0502,0.2917,2.302,1.287,2.649,0.1449,0.0508,0.2912,2.242,1.308,2.584
0.4281,-0.1278,0.242,-0.184,0.94,-0.175,0.4264,-0.1256,0.2445,-0.163,0.96,-0.16
0.2873,-0.1193,0.254,-0.098,1.429,-0.089,0.2857,-0.118,0.2546,-0.01,1.452,-0.004
0.2826,-0.1256,0.1815,-0.494,1.293,-0.486,0.2827,-0.1251,0.1872,-0.499,1.326,-0.491
0.2873,-0.1193,0.254,-0.098,1.429,-0.089,0.2871,-0.1195,0.2539,-0.138,1.432,-0.129
0.2231,-0.0352,0.1911,-2.783,1.512,-2.771,0.2281,-0.0373,0.1958,-2.847,1.512,-2.834
0.1432,0.0502,0.2917,2.302,1.287,2.649,0.1451,0.05,0.2902,2.306,1.295,2.651
0.1432,0.0502,0.2917,2.302,1.287,2.649,0.1444,0.0504,0.2912,2.282,1.299,2.623
0.2873,-0.1193,0.254,-0.098,1.429,-0.089,0.2899,-0.1199,0.254,-0.134,1.4,-0.131
0.2826,-0.1256,0.1815,-0.494,1.293,-0.486,0.2828,-0.1256,0.1815,-0.492,1.29,-0.482
0.2873,-0.1193,0.254,-0.098,1.429,-0.089,0.2887,-0.1205,0.2494,-0.223,1.403,-0.214
0.2231,-0.0352,0.1911,-2.783,1.512,-2.771,0.233,-0.0398,0.1987,-2.282,1.542,-2.269
0.1432,0.0502,0.2917,2.302,1.287,2.649,0.1463,0.05,0.2905,2.236,1.314,2.577
0.1432,0.0502,0.2917,2.302,1.287,2.649,0.1479,0.0519,0.2889,2.246,1.314,2.582
0.4281,-0.1278,0.242,-0.184,0.94,-0.175,0.4265,-0.125,0.2458,-0.169,0.945,-0.161
0.2873,-0.1193,0.254,-0.098,1.429,-0.089,0.2852,-0.1158,0.2558,-0.005,1.452,0.003
0.2826,-0.1256,0.1815,-0.494,1.293,-0.486,0.2822,-0.1255,0.1846,-0.507,1.316,-0.494
0.2873,-0.1193,0.254,-0.098,1.429,-0.089,0.2873,-0.1197,0.2524,-0.149,1.432,-0.139
0.2231,-0.0352,0.1911,-2.783,1.512,-2.771,0.231,-0.0392,0.1977,-2.725,1.524,-2.711
0.1432,0.0502,0.2917,2.302,1.287,2.649,0.1453,0.0499,0.2904,2.286,1.302,2.633
0.2873,-0.1193,0.254,-0.098,1.429,-0.089,0.2847,-0.1133,0.2578,0.035,1.449,0.045
0.2826,-0.1256,0.1815,-0.494,1.293,-0.486,0.2821,-0.1253,0.1818,-0.496,1.31,-0.487
0.2873,-0.1193,0.254,-0.098,1.429,-0.089,0.2872,-0.1197,0.2516,-0.156,1.434,-0.146
0.2231,-0.0352,0.1911,-2.783,1.512,-2.771,0.2256,-0.0362,0.1938,-2.909,1.504,-2.892
0.1432,0.0502,0.2917,2.302,1.287,2.649,0.1476,0.0492,0.2886,2.298,1.301,2.637
0.1432,0.0502,0.2917,2.302,1.287,2.649,0.1437,0.0504,0.2917,2.273,1.296,2.619
0.4281,-0.1278,0.242,-0.184,0.94,-0.175,0.4271,-0.1265,0.2419,-0.163,0.968,-0.159
0.2873,-0.1193,0.254,-0.098,1.429,-0.089,0.2854,-0.1173,0.2551,-0.001,1.452,0.008
0.2826,-0.1256,0.1815,-0.494,1.293,-0.486,0.283,-0.1252,0.188,-0.488,1.323,-0.48
0.2873,-0.1193,0.254,-0.098,1.429,-0.089,0.2874,-0.1197,0.2535,-0.154,1.43,-0.144
0.2231,-0.0352,0.1911,-2.783,1.512,-2.771,0.2281,-0.038,0.1958,-2.856,1.514,-2.844
0.1432,0.0502,0.2917,2.302,1.287,2.649,0.1454,0.0501,0.2905,2.278,1.301,2.62
0.1432,0.0502,0.2917,2.302,1.287,2.649,0.1462,0.0513,0.2899,2.285,1.303,2.622
0.4281,-0.1278,0.242,-0.184,0.94,-0.175,0.4256,-0.1246,0.2461,-0.16,0.963,-0.155
0.1432,0.0502,0.2917,2.302,1.287,2.649,0.1438,0.0504,0.2917,2.269,1.297,2.615
0.2873,-0.1193,0.254,-0.098,1.429,-0.089,0.2845,-0.1122,0.2585,0.015,1.443,0.027
0.2826,-0.1256,0.1815,-0.494,1.293,-0.486,0.2824,-0.1255,0.182,-0.495,1.302,-0.487
0.2873,-0.1193,0.254,-0.098,1.429,-0.089,0.2879,-0.1202,0.2499,-0.211,1.419,-0.201
0.2231,-0.0352,0.1911,-2.783,1.512,-2.771,0.2304,-0.039,0.1975,-2.763,1.523,-2.749
0.1432,0.0502,0.2917,2.302,1.287,2.649,0.1453,0.0502,0.2909,2.254,1.31,2.597
0.1432,0.0502,0.2917,2.302,1.287,2.649,0.1439,0.0502,0.2916,2.28,1.3,2.628
0.1432,0.0502,0.2917,2.302,1.287,2.649,0.1455,0.0507,0.2911,2.251,1.308,2.591
0.1432,0.0502,0.2917,2.302,1.287,2.649,0.144,0.0502,0.2917,2.264,1.298,2.61
0.4281,-0.1278,0.242,-0.184,0.94,-0.175,0.427,-0.1265,0.2424,-0.162,0.963,-0.16
0.2873,-0.1193,0.254,-0.098,1.429,-0.089,0.2924,-0.1205,0.2532,-0.133,1.41,-0.127
0.2826,-0.1256,0.1815,-0.494,1.293,-0.486,0.2826,-0.1256,0.1828,-0.499,1.299,-0.486
0.2873,-0.1193,0.254,-0.098,1.429,-0.089,0.2881,-0.1209,0.2468,-0.226,1.416,-0.216
0.2231,-0.0352,0.1911,-2.783,1.512,-2.771,0.2333,-0.0406,0.1995,-2.571,1.534,-2.558
0.1432,0.0502,0.2917,2.302,1.287,2.649,0.1454,0.0502,0.2909,2.248,1.311,2.593
0.1432,0.0502,0.2917,2.302,1.287,2.649,0.1442,0.0503,0.2914,2.273,1.3,2.619
0.1432,0.0502,0.2917,2.302,1.287,2.649,0.1458,0.0509,0.2908,2.251,1.31,2.592
-0.1783,-0.2276,0.094,2.774,1.518,1.275,-0.176,-0.2295,0.0963,2.765,1.512,1.268
0.1432,0.0502,0.2917,2.302,1.287,2.649,0.1464,0.0475,0.2913,2.242,1.31,2.561
0.1432,0.0502,0.2917,2.302,1.287,2.649,0.1441,0.0504,0.2917,2.261,1.301,2.607
0.2873,-0.1193,0.254,-0.098,1.429,-0.089,0.2858,-0.1169,0.2554,-0.014,1.441,-0.007
0.2826,-0.1256,0.1815,-0.494,1.293,-0.486,0.2825,-0.1255,0.182,-0.497,1.299,-0.486
0.2873,-0.1193,0.254,-0.098,1.429,-0.089,0.2876,-0.1199,0.2522,-0.179,1.421,-0.17
0.2231,-0.0352,0.1911,-2.783,1.512,-2.771,0.228,-0.0373,0.1953,-2.702,1.523,-2.688
0.1432,0.0502,0.2917,2.302,1.287,2.649,0.1465,0.0498,0.29,2.253,1.309,2.597
0.1432,0.0502,0.2917,2.302,1.287,2.649,0.1442,0.0501,0.2916,2.255,1.303,2.606
0.1432,0.0502,0.2917,2.302,1.287,2.649,0.1458,0.051,0.2908,2.246,1.31,2.584
0.1432,0.0502,0.2917,2.302,1.287,2.649,0.1441,0.0503,0.2916,2.266,1.303,2.607
0.4281,-0.1278,0.242,-0.184,0.94,-0.175,0.4252,-0.1231,0.2476,-0.161,0.96,-0.155
0.2873,-0.1193,0.254,-0.098,1.429,-0.089,0.2892,-0.1198,0.2538,-0.142,1.415,-0.136
0.2826,-0.1256,0.1815,-0.494,1.293,-0.486,0.2825,-0.1255,0.1814,-0.496,1.296,-0.484
0.2873,-0.1193,0.254,-0.098,1.429,-0.089,0.288,-0.12,0.2518,-0.186,1.418,-0.176
0.2231,-0.0352,0.1911,-2.783,1.512,-2.771,0.2279,-0.0372,0.1953,-2.756,1.521,-2.742
0.1432,0.0502,0.2917,2.302,1.287,2.649,0.1462,0.0499,0.2902,2.255,1.311,2.599
0.1432,0.0502,0.2917,2.302,1.287,2.649,0.1441,0.0503,0.2916,2.26,1.303,2.607
0.1432,0.0502,0.2917,2.302,1.287,2.649,0.1476,0.0518,0.2894,2.288,1.306,2.62
-0.215,-0.2246,0.0889,-2.402,1.509,2.354,-0.0842,-0.3013,0.102,-2.297,1.506,2.909
0.1432,0.0502,0.2917,2.302,1.287,2.649,0.1444,0.0505,0.2917,2.241,1.305,2.583
0.2873,-0.1193,0.254,-0.098,1.429,-0.089,0.2857,-0.1159,0.2568,-0.036,1.439,-0.03
0.2826,-0.1256,0.1815,-0.494,1.293,-0.486,0.2824,-0.1255,0.1825,-0.499,1.299,-0.489
0.2873,-0.1193,0.254,-0.098,1.429,-0.089,0.2876,-0.1198,0.2541,-0.162,1.42,-0.153
0.2231,-0.0352,0.1911,-2.783,1.512,-2.771,0.2241,-0.0356,0.1922,-2.868,1.509,-2.856
0.1432,0.0502,0.2917,2.302,1.287,2.649,0.1473,0.0499,0.2893,2.252,1.311,2.597
0.1432,0.0502,0.2917,2.302,1.287,2.649,0.1442,0.0503,0.2916,2.253,1.304,2.603
0.1432,0.0502,0.2917,2.302,1.287,2.649,0.1447,0.0505,0.2912,2.26,1.303,2.599
0.1432,0.0502,0.2917,2.302,1.287,2.649,0.1441,0.0504,0.2917,2.258,1.301,2.599
0.4281,-0.1278,0.242,-0.184,0.94,-0.175,0.4273,-0.1266,0.2427,-0.167,0.954,-0.162
0.2873,-0.1193,0.254,-0.098,1.429,-0.089,0.2891,-0.1201,0.2533,-0.118,1.419,-0.113
0.2826,-0.1256,0.1815,-0.494,1.293,-0.486,0.2833,-0.1254,0.1873,-0.495,1.307,-0.484
0.2873,-0.1193,0.254,-0.098,1.429,-0.089,0.2879,-0.12,0.2526,-0.176,1.418,-0.167
0.2231,-0.0352,0.1911,-2.783,1.512,-2.771,0.2305,-0.0387,0.197,-2.644,1.533,-2.631
0.1432,0.0502,0.2917,2.302,1.287,2.649,0.1447,0.0504,0.2916,2.234,1.312,2.582
0.1432,0.0502,0.2917,2.302,1.287,2.649,0.1441,0.0503,0.2916,2.258,1.303,2.607
0.1432,0.0502,0.2917,2.302,1.287,2.649,0.1459,0.051,0.2906,2.256,1.308,2.592
-0.1783,-0.2276,0.094,2.774,1.518,1.275,-0.0874,-0.2753,0.0939,2.779,1.512,1.637
0.4281,-0.1278,0.242,-0.184,0.94,-0.175,0.4269,-0.1274,0.242,-0.182,0.952,-0.174
0.4281,-0.1278,0.242,-0.184,0.94,-0.175,0.4248,-0.1254,0.2417,-0.179,0.964,-0.171
0.4281,-0.1278,0.242,-0.184,0.94,-0.175,0.428,-0.1277,0.2415,-0.177,0.944,-0.171
0.4281,-0.1278,0.242,-0.184,0.94,-0.175,0.4274,-0.1275,0.2413,-0.178,0.961,-0.17
0.4281,-0.1278,0.242,-0.184,0.94,-0.175,0.4278,-0.1276,0.2413,-0.18,0.95,-0.172
0.1432,0.0502,0.2917,2.302,1.287,2.649,0.1439,0.0504,0.2917,2.264,1.298,2.611
0.1432,0.0502,0.2917,2.302,1.287,2.649,0.1432,0.0502,0.2917,2.301,1.289,2.65
0.4281,-0.1278,0.242,-0.184,0.94,-0.175,0.4279,-0.1276,0.2417,-0.171,0.948,-0.167
0.1432,0.0502,0.2917,2.302,1.287,2.649,0.144,0.0506,0.2917,2.248,1.298,2.595
0.4281,-0.1278,0.242,-0.184,0.94,-0.175,0.4278,-0.1275,0.2416,-0.168,0.951,-0.165
0.1432,0.0502,0.2917,2.302,1.287,2.649,0.1472,0.049,0.2914,2.257,1.313,2.583
0.1432,0.0502,0.2917,2.302,1.287,2.649,0.1443,0.0495,0.2917,2.266,1.299,2.601
0.1432,0.0502,0.2917,2.302,1.287,2.649,0.1464,0.0461,0.2914,2.282,1.299,2.593
0.1432,0.0502,0.2917,2.302,1.287,2.649,0.1438,0.0502,0.2917,2.269,1.295,2.614
0.1432,0.0502,0.2917,2.302,1.287,2.649,0.1481,0.0436,0.2912,2.297,1.295,2.59
0.1432,0.0502,0.2917,2.302,1.287,2.649,0.1445,0.0486,0.2914,2.285,1.296,2.615
0.1432,0.0502,0.2917,2.302,1.287,2.649,0.1476,0.0445,0.2911,2.295,1.296,2.592
0.1432,0.0502,0.2917,2.302,1.287,2.649,0.1456,0.0471,0.2913,2.291,1.297,2.608
0.1432,0.0502,0.2917,2.302,1.287,2.649,0.1448,0.0517,0.2912,2.277,1.299,2.631
0.1432,0.0502,0.2917,2.302,1.287,2.649,0.1432,0.0502,0.2917,2.302,1.287,2.649
0.1432,0.0502,0.2917,2.302,1.287,2.649,0.1432,0.0502,0.2917,2.298,1.288,2.646
0.1432,0.0502,0.2917,2.302,1.287,2.649,0.1432,0.0502,0.2917,2.298,1.288,2.646
0.1432,0.0502,0.2917,2.302,1.287,2.649,0.1432,0.0502,0.2917,2.302,1.287,2.649
0.1432,0.0502,0.2917,2.302,1.287,2.649,0.1444,0.0505,0.2916,2.265,1.298,2.619
0.1432,0.0502,0.2917,2.302,1.287,2.649,0.144,0.0508,0.2915,2.29,1.296,2.638
0.1432,0.0502,0.2917,2.302,1.287,2.649,0.1432,0.0502,0.2917,2.302,1.289,2.65
0.1432,0.0502,0.2917,2.302,1.287,2.649,0.1432,0.0502,0.2917,2.302,1.289,2.65
0.1432,0.0502,0.2917,2.302,1.287,2.649,0.1432,0.0502,0.2917,2.298,1.288,2.646
0.1432,0.0502,0.2917,2.302,1.287,2.649,0.1432,0.0502,0.2917,2.298,1.288,2.646
0.1432,0.0502,0.2917,2.302,1.287,2.649,0.1432,0.0502,0.2917,2.3,1.288,2.646
0.1432,0.0502,0.2917,2.302,1.287,2.649,0.1432,0.0502,0.2917,2.298,1.288,2.646
0.1432,0.0502,0.2917,2.302,1.287,2.649,0.1432,0.0502,0.2917,2.304,1.289,2.65
0.1432,0.0502,0.2917,2.302,1.287,2.649,0.1432,0.0502,0.2917,2.3,1.288,2.646
0.1432,0.0502,0.2917,2.302,1.287,2.649,0.1432,0.0502,0.2917,2.302,1.287,2.649
0.1432,0.0502,0.2917,2.302,1.287,2.649,0.1432,0.0502,0.2917,2.3,1.288,2.646
0.1432,0.0502,0.2917,2.302,1.287,2.649,0.1438,0.0504,0.2917,2.269,1.297,2.615
0.1432,0.0502,0.2917,2.302,1.287,2.649,0.1432,0.0502,0.2917,2.302,1.287,2.649
0.1432,0.0502,0.2917,2.302,1.287,2.649,0.1432,0.0502,0.2917,2.298,1.288,2.646
0.1432,0.0502,0.2917,2.302,1.287,2.649,0.1432,0.0502,0.2917,2.306,1.288,2.654
0.1432,0.0502,0.2917,2.302,1.287,2.649,0.1432,0.0502,0.2917,2.302,1.287,2.649
0.1432,0.0502,0.2917,2.302,1.287,2.649,0.1432,0.0502,0.2917,2.306,1.288,2.654
0.1097,-0.012,0.145,-2.456,1.496,-2.416,0.1122,-0.0122,0.1453,-2.263,1.507,-2.22
0.1097,-0.012,0.145,-2.456,1.496,-2.416,0.1121,-0.0112,0.1454,-2.445,1.5,-2.395
0.1097,-0.012,0.145,-2.456,1.496,-2.416,0.1096,-0.012,0.1449,-2.469,1.495,-2.43
0.1097,-0.012,0.145,-2.456,1.496,-2.416,0.1092,-0.012,0.1448,-2.495,1.493,-2.456
0.1097,-0.012,0.145,-2.456,1.496,-2.416,0.1101,-0.0122,0.1449,-2.428,1.497,-2.388
0.1097,-0.012,0.145,-2.456,1.496,-2.416,0.1099,-0.012,0.145,-2.442,1.497,-2.402
0.1097,-0.012,0.145,-2.456,1.496,-2.416,0.1092,-0.012,0.1448,-2.5,1.493,-2.456
0.1097,-0.012,0.145,-2.456,1.496,-2.416,0.1101,-0.0122,0.145,-2.431,1.499,-2.389
0.1097,-0.012,0.145,-2.456,1.496,-2.416,0.1095,-0.0122,0.145,-2.456,1.494,-2.416
0.1097,-0.012,0.145,-2.456,1.496,-2.416,0.11,-0.0123,0.1449,-2.415,1.496,-2.375
0.1097,-0.012,0.145,-2.456,1.496,-2.416,0.1097,-0.012,0.145,-2.455,1.496,-2.416
0.1097,-0.012,0.145,-2.456,1.496,-2.416,0.1094,-0.012,0.1448,-2.482,1.494,-2.443
0.1097,-0.012,0.145,-2.456,1.496,-2.416,0.1101,-0.012,0.1449,-2.441,1.498,-2.402
0.1097,-0.012,0.145,-2.456,1.496,-2.416,0.1091,-0.012,0.145,-2.5,1.493,-2.456
0.03123160950542081,0.27519698024843176,-0.3583151276062615,-0.03365492374369117,-1.7319569631126819,0.007762557529221059,0.1097,-0.0122,0.145,-2.442,1.495,-2.402
0.03123160950542081,0.27519698024843176,-0.3583151276062615,-0.03365492374369117,-1.7319569631126819,0.007762557529221059,0.2195,-0.0478,0.1193,1.32,1.566,1.309
0.03123160950542081,0.27519698024843176,-0.3583151276062615,-0.03365492374369117,-1.7319569631126819,0.007762557529221059,0.14,-0.0001,0.2031,-0.001,0.756,-0.001
0.03123160950542081,0.27519698024843176,-0.3583151276062615,-0.03365492374369117,-1.7319569631126819,0.007762557529221059,0.14,-0.0001,0.2031,-0.001,0.756,-0.001
0.1097,-0.012,0.145,-2.456,1.496,-2.416,0.1149,-0.0117,0.1471,-0.863,1.497,-0.799
0.1097,-0.012,0.145,-2.456,1.496,-2.416,0.1145,-0.0121,0.1457,-0.934,1.503,-0.871
0.1964,-0.0087,0.2964,-3.057,1.132,3.105,0.1964,-0.0087,0.2964,-3.057,1.132,3.105
0.1964,-0.0087,0.2964,-3.057,1.132,3.105,0.2001,-0.0063,0.2948,-3.068,1.152,3.114
0.1964,-0.0087,0.2964,-3.057,1.132,3.105,0.1963,-0.0087,0.2965,-3.056,1.128,3.109
0.1964,-0.0087,0.2964,-3.057,1.132,3.105,0.1965,-0.0087,0.2964,-3.058,1.133,3.105
0.1964,-0.0087,0.2964,-3.057,1.132,3.105,0.1965,-0.0087,0.2964,-3.055,1.133,3.109
0.1964,-0.0087,0.2964,-3.057,1.132,3.105,0.1962,-0.0087,0.2965,-3.058,1.127,3.105
0.1964,-0.0087,0.2964,-3.057,1.132,3.105,0.1964,-0.0087,0.2964,-3.058,1.132,3.105
0.1964,-0.0087,0.2964,-3.057,1.132,3.105,0.1973,-0.0086,0.2962,-3.065,1.15,3.102
0.1964,-0.0087,0.2964,-3.057,1.132,3.105,0.1963,-0.0087,0.2965,-3.06,1.128,3.105
0.1964,-0.0087,0.2964,-3.057,1.132,3.105,0.1961,-0.0087,0.2965,-3.06,1.125,3.105
0.1964,-0.0087,0.2964,-3.057,1.132,3.105,0.1961,-0.0087,0.2965,-3.06,1.125,3.105
0.1964,-0.0087,0.2964,-3.057,1.132,3.105,0.1967,-0.0087,0.2964,-3.06,1.138,3.105
0.1964,-0.0087,0.2964,-3.057,1.132,3.105,0.1963,-0.0087,0.2965,-3.06,1.128,3.105
0.1964,-0.0087,0.2964,-3.057,1.132,3.105,0.1961,-0.0086,0.2965,-3.06,1.124,3.105
0.1964,-0.0087,0.2964,-3.057,1.132,3.105,0.1966,-0.0087,0.2964,-3.06,1.136,3.105
0.1964,-0.0087,0.2964,-3.057,1.132,3.105,0.1963,-0.0087,0.2965,-3.06,1.128,3.105
0.1964,-0.0087,0.2964,-3.057,1.132,3.105,0.1972,-0.0086,0.2963,-3.063,1.147,3.102
0.1964,-0.0087,0.2964,-3.057,1.132,3.105,0.1968,-0.0088,0.2964,-3.056,1.139,3.109
0.1964,-0.0087,0.2964,-3.057,1.132,3.105,0.1967,-0.0087,0.2964,-3.061,1.138,3.105
0.1964,-0.0087,0.2964,-3.057,1.132,3.105,0.1967,-0.0087,0.2964,-3.06,1.138,3.105
0.1964,-0.0087,0.2964,-3.057,1.132,3.105,0.1975,-0.0086,0.2962,-3.061,1.155,3.102
0.1964,-0.0087,0.2964,-3.057,1.132,3.105,0.1968,-0.0087,0.2964,-3.06,1.139,3.105
0.1964,-0.0087,0.2964,-3.057,1.132,3.105,0.1967,-0.0087,0.2964,-3.06,1.138,3.105
0.1964,-0.0087,0.2964,-3.057,1.132,3.105,0.1967,-0.0087,0.2964,-3.06,1.138,3.105
0.1964,-0.0087,0.2964,-3.057,1.132,3.105,0.1962,-0.0087,0.2965,-3.06,1.127,3.105
0.1964,-0.0087,0.2964,-3.057,1.132,3.105,0.1967,-0.0087,0.2964,-3.06,1.138,3.105
0.1964,-0.0087,0.2964,-3.057,1.132,3.105,0.1967,-0.0087,0.2964,-3.06,1.138,3.105
0.1964,-0.0087,0.2964,-3.057,1.132,3.105,0.1966,-0.0086,0.2964,-3.063,1.136,3.102
0.1964,-0.0087,0.2964,-3.057,1.132,3.105,0.1963,-0.0087,0.2965,-3.06,1.128,3.105
0.1964,-0.0087,0.2964,-3.057,1.132,3.105,0.1967,-0.0087,0.2964,-3.06,1.138,3.105
0.1964,-0.0087,0.2964,-3.057,1.132,3.105,0.1967,-0.0088,0.2964,-3.056,1.138,3.109
0.1964,-0.0087,0.2964,-3.057,1.132,3.105,0.1966,-0.0087,0.2964,-3.06,1.136,3.105
0.1964,-0.0087,0.2964,-3.057,1.132,3.105,0.1964,-0.0087,0.2961,-3.056,1.132,3.109
0.1964,-0.0087,0.2964,-3.057,1.132,3.105,0.1965,-0.0087,0.2964,-3.06,1.133,3.105
0.1964,-0.0087,0.2964,-3.057,1.132,3.105,0.1965,-0.0087,0.2964,-3.06,1.133,3.105
0.1964,-0.0087,0.2964,-3.057,1.132,3.105,0.1965,-0.0087,0.2964,-3.06,1.133,3.105
0.4281,-0.1278,0.242,-0.184,0.94,-0.175,0.4267,-0.1273,0.2426,-0.176,0.952,-0.17
0.1964,-0.0087,0.2964,-3.057,1.132,3.105,0.1972,-0.0086,0.2962,-3.063,1.148,3.102
0.1964,-0.0087,0.2964,-3.057,1.132,3.105,0.1964,-0.0087,0.2964,-3.06,1.132,3.105
0.1964,-0.0087,0.2964,-3.057,1.132,3.105,0.1969,-0.0087,0.2963,-3.06,1.141,3.105
0.1964,-0.0087,0.2964,-3.057,1.132,3.105,0.1976,-0.009,0.2955,-3.073,1.153,3.104
0.1964,-0.0087,0.2964,-3.057,1.132,3.105,0.1969,-0.0087,0.2963,-3.06,1.141,3.105
0.1964,-0.0087,0.2964,-3.057,1.132,3.105,0.2013,-0.0047,0.294,-3.076,1.138,3.114
0.1964,-0.0087,0.2964,-3.057,1.132,3.105,0.1966,-0.0087,0.2964,-3.06,1.136,3.105
0.1964,-0.0087,0.2964,-3.057,1.132,3.105,0.1966,-0.0086,0.2964,-3.063,1.136,3.102
0.1964,-0.0087,0.2964,-3.057,1.132,3.105,0.1965,-0.0087,0.2964,-3.06,1.133,3.105
0.1964,-0.0087,0.2964,-3.057,1.132,3.105,0.1967,-0.0087,0.2964,-3.06,1.138,3.105
0.1964,-0.0087,0.2964,-3.057,1.132,3.105,0.1966,-0.0087,0.2964,-3.06,1.136,3.105
0.1964,-0.0087,0.2964,-3.057,1.132,3.105,0.1966,-0.0087,0.2964,-3.06,1.136,3.105
0.1964,-0.0087,0.2964,-3.057,1.132,3.105,0.1967,-0.0087,0.2964,-3.06,1.138,3.105
0.1964,-0.0087,0.2964,-3.057,1.132,3.105,0.1966,-0.0087,0.2964,-3.06,1.136,3.105
0.1964,-0.0087,0.2964,-3.057,1.132,3.105,0.196,-0.0087,0.2962,-3.056,1.124,3.109
0.1964,-0.0087,0.2964,-3.057,1.132,3.105,0.1972,-0.0086,0.2962,-3.063,1.148,3.102
0.1964,-0.0087,0.2964,-3.057,1.132,3.105,0.1967,-0.0121,0.2963,-3.053,1.141,3.096
0.4281,-0.1278,0.242,-0.184,0.94,-0.175,0.4266,-0.1264,0.2432,-0.165,0.965,-0.163
0.1964,-0.0087,0.2964,-3.057,1.132,3.105,0.1963,-0.0105,0.2961,-3.06,1.132,3.096
0.1964,-0.0087,0.2964,-3.057,1.132,3.105,0.1972,-0.0086,0.2962,-3.061,1.148,3.102
0.1964,-0.0087,0.2964,-3.057,1.132,3.105,0.1961,-0.0086,0.2965,-3.06,1.124,3.105
0.1964,-0.0087,0.2964,-3.057,1.132,3.105,0.1967,-0.0087,0.2964,-3.06,1.138,3.105
0.1964,-0.0087,0.2964,-3.057,1.132,3.105,0.1967,-0.0087,0.2964,-3.06,1.138,3.105
0.1964,-0.0087,0.2964,-3.057,1.132,3.105,0.1967,-0.0087,0.2964,-3.06,1.138,3.105
0.1964,-0.0087,0.2964,-3.057,1.132,3.105,0.1978,-0.0086,0.2961,-3.061,1.161,3.102
0.1964,-0.0087,0.2964,-3.057,1.132,3.105,0.1967,-0.0087,0.2964,-3.058,1.138,3.105
0.1964,-0.0087,0.2964,-3.057,1.132,3.105,0.1966,-0.0087,0.296,-3.06,1.138,3.105
0.1964,-0.0087,0.2964,-3.057,1.132,3.105,0.1964,-0.0087,0.2964,-3.058,1.132,3.105
0.1964,-0.0087,0.2964,-3.057,1.132,3.105,0.1969,-0.0087,0.2963,-3.06,1.141,3.105
0.1964,-0.0087,0.2964,-3.057,1.132,3.105,0.1963,-0.0087,0.2965,-3.06,1.128,3.105
0.1964,-0.0087,0.2964,-3.057,1.132,3.105,0.1967,-0.0087,0.2964,-3.06,1.138,3.105
0.1964,-0.0087,0.2964,-3.057,1.132,3.105,0.1966,-0.0087,0.2964,-3.06,1.136,3.105
0.1964,-0.0087,0.2964,-3.057,1.132,3.105,0.1967,-0.0087,0.2964,-3.06,1.138,3.105
0.1964,-0.0087,0.2964,-3.057,1.132,3.105,0.198,-0.0087,0.2957,-3.058,1.167,3.106
0.1964,-0.0087,0.2964,-3.057,1.132,3.105,0.1982,-0.0087,0.296,-3.06,1.168,3.102
0.1964,-0.0087,0.2964,-3.057,1.132,3.105,0.1983,-0.0086,0.296,-3.065,1.171,3.098
0.1964,-0.0087,0.2964,-3.057,1.132,3.105,0.1982,-0.0086,0.296,-3.063,1.168,3.098
0.1964,-0.0087,0.2964,-3.057,1.132,3.105,0.1971,-0.0087,0.2963,-3.058,1.145,3.105
0.1964,-0.0087,0.2964,-3.057,1.132,3.105,0.2018,-0.0016,0.2963,-3.078,1.178,3.129
0.1964,-0.0087,0.2964,-3.057,1.132,3.105,0.1977,-0.0086,0.2961,-3.065,1.159,3.098
0.1964,-0.0087,0.2964,-3.057,1.132,3.105,0.1969,-0.0086,0.2963,-3.063,1.141,3.102
0.1964,-0.0087,0.2964,-3.057,1.132,3.105,0.1973,-0.0086,0.2962,-3.061,1.15,3.102
0.1964,-0.0087,0.2964,-3.057,1.132,3.105,0.1964,-0.0086,0.2965,-3.063,1.13,3.102
0.1964,-0.0087,0.2964,-3.057,1.132,3.105,0.1969,-0.0086,0.2963,-3.063,1.141,3.102
0.1964,-0.0087,0.2964,-3.057,1.132,3.105,0.1959,-0.0086,0.2966,-3.06,1.121,3.105
0.1964,-0.0087,0.2964,-3.057,1.132,3.105,0.1963,-0.0087,0.2965,-3.06,1.128,3.105
0.1964,-0.0087,0.2964,-3.057,1.132,3.105,0.1967,-0.0088,0.2964,-3.055,1.138,3.109
0.1964,-0.0087,0.2964,-3.057,1.132,3.105,0.1967,-0.0088,0.2964,-3.055,1.138,3.109
0.1964,-0.0087,0.2964,-3.057,1.132,3.105,0.1967,-0.0087,0.2964,-3.058,1.138,3.105
0.1964,-0.0087,0.2964,-3.057,1.132,3.105,0.1967,-0.0087,0.2964,-3.06,1.138,3.105
0.1964,-0.0087,0.2964,-3.057,1.132,3.105,0.1966,-0.0087,0.2964,-3.055,1.135,3.109
0.1964,-0.0087,0.2964,-3.057,1.132,3.105,0.1967,-0.0087,0.2964,-3.06,1.138,3.105
0.1964,-0.0087,0.2964,-3.057,1.132,3.105,0.1967,-0.0087,0.2964,-3.058,1.138,3.105
0.1964,-0.0087,0.2964,-3.057,1.132,3.105,0.1963,-0.0087,0.2965,-3.06,1.13,3.105
0.1964,-0.0087,0.2964,-3.057,1.132,3.105,0.1968,-0.0087,0.2964,-3.06,1.139,3.105
0.1964,-0.0087,0.2964,-3.057,1.132,3.105,0.1967,-0.0087,0.2964,-3.06,1.138,3.105
0.1964,-0.0087,0.2964,-3.057,1.132,3.105,0.1967,-0.0087,0.2964,-3.06,1.138,3.105
0.1964,-0.0087,0.2964,-3.057,1.132,3.105,0.1975,-0.0086,0.2958,-3.068,1.155,3.098
0.1964,-0.0087,0.2964,-3.057,1.132,3.105,0.1968,-0.0087,0.2964,-3.06,1.139,3.105
0.1964,-0.0087,0.2964,-3.057,1.132,3.105,0.1967,-0.0087,0.2964,-3.06,1.138,3.105
0.1964,-0.0087,0.2964,-3.057,1.132,3.105,0.1964,-0.0087,0.2964,-3.058,1.132,3.105
0.173,-0.2683,0.2502,2.586,1.182,2.593,0.1764,-0.2597,0.2389,2.547,1.189,2.568
0.1512,-0.2572,0.1813,2.54,1.212,2.592,0.1519,-0.2584,0.1835,2.554,1.21,2.592
0.173,-0.2683,0.2502,2.586,1.182,2.593,0.1709,-0.2672,0.2403,2.591,1.187,2.607
0.2069,-0.1624,0.1753,1.545,1.445,1.637,0.2082,-0.1657,0.1784,1.587,1.442,1.683
0.1964,-0.0087,0.2964,-3.057,1.132,3.105,0.1996,-0.0117,0.293,-3.085,1.153,3.083
0.1964,-0.0087,0.2964,-3.057,1.132,3.105,0.1975,-0.0089,0.2956,-3.071,1.15,3.097
0.4281,-0.1278,0.242,-0.184,0.94,-0.175,0.4263,-0.1265,0.2439,-0.172,0.961,-0.168
0.173,-0.2683,0.2502,2.586,1.182,2.593,0.1737,-0.2689,0.2501,2.592,1.2,2.601
0.1512,-0.2572,0.1813,2.54,1.212,2.592,0.1511,-0.2582,0.1816,2.568,1.22,2.618
0.173,-0.2683,0.2502,2.586,1.182,2.593,0.1705,-0.2675,0.2391,2.593,1.186,2.609
0.2069,-0.1624,0.1753,1.545,1.445,1.637,0.2082,-0.1647,0.1777,1.549,1.449,1.648
0.1964,-0.0087,0.2964,-3.057,1.132,3.105,0.1995,-0.011,0.2935,-3.092,1.161,3.082
0.1964,-0.0087,0.2964,-3.057,1.132,3.105,0.1999,-0.0102,0.2903,-3.08,1.175,3.09
-0.0171,-0.2606,0.2482,2.522,1.109,2.543,-0.0067,-0.26,0.249,2.537,1.108,2.566
